"Species","n_occurrences"
"Opuntia decumbens",175
"Pachycereus pecten-aboriginum",155
"Ferocactus recurvus",145
"Mammillaria albilanata",139
"Stenocereus chacalapensis",133
"Mammillaria karwinskiana",132
"Coryphantha pallida",130
"Pereskia lychnidiflora",120
"Acanthocereus tetragonus",112
"Peniocereus oaxacensis",101
"Coryphantha retusa",98
"Mammillaria dixanthocentron",97
"Ferocactus macrodiscus",87
"Mammillaria haageana",86
"Escontria chiotilla",81
"Stenocereus pruinosus",77
"Opuntia pubescens",69
"Opuntia karwinskiana",66
"Opuntia tomentosa",63
"Aporocactus martianus",62
"Neobuxbaumia tetetzo",62
"Myrtillocactus schenckii",59
"Mammillaria voburnensis",58
"Cephalocereus apicicephalium",56
"Mammillaria carnea",56
"Opuntia pilifera",55
"Mammillaria flavicentra",52
"Myrtillocactus geometrizans",47
"Coryphantha elephantidens",46
"Pilosocereus collinsii",45
"Mammillaria kraehenbuehlii",44
"Opuntia huajuapensis",43
"Pachycereus weberi",43
"Mammillaria huitzilopochtli",42
"Stenocereus treleasei",40
"Disocactus speciosus",38
"Mammillaria mystax",37
"Mammillaria rekoi",36
"Echinocactus platyacanthus",34
"Marginatocereus marginatus",33
"Stenocereus stellatus",32
"Opuntia auberi",30
"Opuntia lasiacantha",30
"Pereskiopsis rotundifolia",30
"Pereskiopsis kellermanii",29
"Pilosocereus chrysacanthus",28
"Disocactus ackermannii",27
"Rhipsalis baccifera",26
"Opuntia depressa",25
"Cephalocereus columna-trajani",24
"Peniocereus fosterianus",24
"Mammillaria polyedra",23
"Opuntia velutina",22
"Mammillaria deherdtiana",21
"Mammillaria zephyranthoides",20
"Mammillaria hernandezii",19
"Mammillaria sphacelata",19
"Mammillaria supertexta",19
"Opuntia streptacantha",19
"Pachycereus fulviceps",19
"Peniocereus occidentalis",18
"Opuntia dejecta",17
"Stenocactus crispatus",17
"Epiphyllum hookeri",15
"Mammillaria crucigera",15
"Mammillaria solisioides",15
"Pilosocereus leucocephalus",15
"Pilosocereus quadricentralis",14
"Pereskiopsis diguetii",13
"Epiphyllum oxypetalum",12
"Melocactus curvispinus",12
"Neobuxbaumia mezcalaensis",12
"Disocactus macranthus",11
"Ferocactus flavovirens",11
"Polaskia chichipe",11
"Epiphyllum anguliger",10
"Mammillaria duoformis",10
"Opuntia tehuantepecana",10
"Epiphyllum phyllanthus",9
"Mammillaria discolor",9
"Opuntia hyptiacantha",9
"Opuntia tehuacana",9
"Pachycereus hollianus",9
"Polaskia chende",9
"Neobuxbaumia scoparia",8
"Pachycereus grandis",7
"Mammillaria beneckei",6
"Mammillaria tonalensis",6
"Mammillaria uncinata",6
"Selenicereus testudo",6
"Opuntia parviclada",5
"Echinocereus pulchellus",4
"Epiphyllum crenatum",4
"Epiphyllum pumilum",4
"Opuntia nejapensis",4
"Opuntia olmeca",4
"Neobuxbaumia laui ",3
"Ortegocactus macdougallii",3
"Peniocereus serpentinus",3
"Selenicereus anthonyanus",3
"Coryphantha pycnacantha",2
"Cylindropuntia leptocaulis",2
"Disocactus phyllanthoides",2
"Mammillaria oteroi",2
"Mammillaria tepexicensis",2
"Pachycereus militaris",2
"Selenicereus chontalensis",2
"Aporocactus flagelliformis",1
"Cephalocereus parvispinus",1
"Cylindropuntia prolifera",1
"Opuntia chiangiana",1
"Peniocereus macdougallii",1
"Stenocereus eichlamii",1
"Weberocereus alliodorus",1
