"Species","original_records","filtered_records"
"Acanthocereus tetragonus",329,112
"Aporocactus flagelliformis",1,1
"Aporocactus martianus",68,62
"Cephalocereus apicicephalium",58,56
"Cephalocereus columna-trajani",35,24
"Cephalocereus parvispinus",1,1
"Coryphantha elephantidens",52,46
"Coryphantha pallida",160,130
"Coryphantha pycnacantha",2,2
"Coryphantha retusa",99,98
"Cylindropuntia leptocaulis",2,2
"Cylindropuntia prolifera",1,1
"Disocactus ackermannii",30,27
"Disocactus macranthus",12,11
"Disocactus phyllanthoides",2,2
"Disocactus speciosus",43,38
"Echinocactus platyacanthus",34,34
"Echinocereus pulchellus",4,4
"Epiphyllum anguliger",12,10
"Epiphyllum crenatum",4,4
"Epiphyllum hookeri",16,15
"Epiphyllum oxypetalum",14,12
"Epiphyllum phyllanthus",9,9
"Epiphyllum pumilum",4,4
"Escontria chiotilla",88,81
"Ferocactus flavovirens",12,11
"Ferocactus macrodiscus",89,87
"Ferocactus recurvus",196,145
"Mammillaria albilanata",303,139
"Mammillaria beneckei",6,6
"Mammillaria carnea",113,56
"Mammillaria crucigera",15,15
"Mammillaria deherdtiana",21,21
"Mammillaria discolor",13,9
"Mammillaria dixanthocentron",105,97
"Mammillaria duoformis",11,10
"Mammillaria flavicentra",58,52
"Mammillaria haageana",103,86
"Mammillaria hernandezii",47,19
"Mammillaria huitzilopochtli",71,42
"Mammillaria karwinskiana",232,132
"Mammillaria kraehenbuehlii",159,44
"Mammillaria mystax",42,37
"Mammillaria oteroi",2,2
"Mammillaria polyedra",25,23
"Mammillaria rekoi",43,36
"Mammillaria solisioides",17,15
"Mammillaria sphacelata",20,19
"Mammillaria supertexta",19,19
"Mammillaria tepexicensis",2,2
"Mammillaria tonalensis",6,6
"Mammillaria uncinata",6,6
"Mammillaria voburnensis",59,58
"Mammillaria zephyranthoides",20,20
"Marginatocereus marginatus",43,33
"Melocactus curvispinus",18,12
"Myrtillocactus geometrizans",55,47
"Myrtillocactus schenckii",79,59
"Neobuxbaumia laui ",3,3
"Neobuxbaumia mezcalaensis",12,12
"Neobuxbaumia scoparia",11,8
"Neobuxbaumia tetetzo",263,62
"Opuntia auberi",36,30
"Opuntia chiangiana",1,1
"Opuntia decumbens",410,175
"Opuntia dejecta",21,17
"Opuntia depressa",29,25
"Opuntia huajuapensis",47,43
"Opuntia hyptiacantha",9,9
"Opuntia karwinskiana",222,66
"Opuntia lasiacantha",31,30
"Opuntia nejapensis",4,4
"Opuntia olmeca",4,4
"Opuntia parviclada",5,5
"Opuntia pilifera",65,55
"Opuntia pubescens",80,69
"Opuntia streptacantha",20,19
"Opuntia tehuacana",9,9
"Opuntia tehuantepecana",11,10
"Opuntia tomentosa",70,63
"Opuntia velutina",23,22
"Ortegocactus macdougallii",3,3
"Pachycereus fulviceps",22,19
"Pachycereus grandis",11,7
"Pachycereus hollianus",9,9
"Pachycereus militaris",2,2
"Pachycereus pecten-aboriginum",413,155
"Pachycereus weberi",52,43
"Peniocereus fosterianus",29,24
"Peniocereus macdougallii",1,1
"Peniocereus oaxacensis",123,101
"Peniocereus occidentalis",18,18
"Peniocereus serpentinus",3,3
"Pereskia lychnidiflora",360,120
"Pereskiopsis diguetii",15,13
"Pereskiopsis kellermanii",71,29
"Pereskiopsis rotundifolia",80,30
"Pilosocereus chrysacanthus",33,28
"Pilosocereus collinsii",159,45
"Pilosocereus leucocephalus",29,15
"Pilosocereus quadricentralis",14,14
"Polaskia chende",9,9
"Polaskia chichipe",12,11
"Rhipsalis baccifera",34,26
"Selenicereus anthonyanus",3,3
"Selenicereus chontalensis",2,2
"Selenicereus testudo",6,6
"Stenocactus crispatus",19,17
"Stenocereus chacalapensis",172,133
"Stenocereus eichlamii",1,1
"Stenocereus pruinosus",96,77
"Stenocereus stellatus",34,32
"Stenocereus treleasei",45,40
"Weberocereus alliodorus",1,1
