"Species","n_occurrences"
"Cephalocereus nudus",339
"Opuntia decumbens",160
"Pachycereus pecten-aboriginum",140
"Ferocactus recurvus",136
"Mammillaria albilanata",136
"Stenocereus chacalapensis",126
"Coryphantha pallida",123
"Mammillaria karwinskiana",119
"Acanthocereus tetragonus",101
"Pereskia lychnidiflora",101
"Peniocereus oaxacensis",98
"Mammillaria dixanthocentron",96
"Coryphantha retusa",91
"Ferocactus macrodiscus",86
"Mammillaria haageana",83
"Escontria chiotilla",74
"Stenocereus pruinosus",68
"Opuntia karwinskiana",61
"Opuntia pubescens",60
"Aporocactus martianus",59
"Mammillaria voburnensis",56
"Opuntia tomentosa",54
"Cephalocereus apicicephalium",53
"Neobuxbaumia tetetzo",53
"Mammillaria carnea",52
"Mammillaria flavicentra",49
"Opuntia pilifera",48
"Myrtillocactus schenckii",45
"Mammillaria kraehenbuehlii",44
"Isolatocereus dumortieri",43
"Coryphantha elephantidens",42
"Mammillaria huitzilopochtli",42
"Pilosocereus collinsii",42
"Opuntia huajuapensis",41
"Pachycereus weberi",38
"Myrtillocactus geometrizans",37
"Disocactus speciosus",36
"Stenocereus treleasei",36
"Mammillaria mystax",35
"Mammillaria rekoi",34
"Echinocactus platyacanthus",31
"Stenocereus stellatus",28
"Opuntia auberi",27
"Pereskiopsis kellermanii",27
"Marginatocereus marginatus",25
"Opuntia lasiacantha",25
"Pilosocereus chrysacanthus",25
"Disocactus ackermannii",24
"Rhipsalis baccifera",24
"Cephalocereus columna-trajani",23
"Opuntia depressa",23
"Peniocereus fosterianus",23
"Pereskiopsis rotundifolia",23
"Mammillaria polyedra",22
"Mammillaria deherdtiana",20
"Cephalocereus fulviceps",19
"Mammillaria hernandezii",19
"Mammillaria sphacelata",19
"Mammillaria zephyranthoides",19
"Opuntia velutina",19
"Selenicereus purpusii",19
"Mammillaria supertexta",18
"Peniocereus occidentalis",17
"Stenocactus crispatus",17
"Opuntia dejecta",16
"Epiphyllum hookeri",15
"Pilosocereus quadricentralis",14
"Mammillaria crucigera",13
"Opuntia tehuacana",13
"Pilosocereus leucocephalus",13
"Pereskiopsis diguetii",11
"Disocactus macranthus",10
"Epiphyllum anguliger",10
"Ferocactus flavovirens",10
"Mammillaria solisioides",10
"Melocactus curvispinus",10
"Neobuxbaumia mezcalaensis",10
"Polaskia chichipe",10
"Lemaireocereus hollianus",9
"Mammillaria discolor",9
"Mammillaria duoformis",9
"Selenicereus grandiflorus",9
"Epiphyllum oxypetalum",8
"Epiphyllum phyllanthus",8
"Opuntia hyptiacantha",8
"Polaskia chende",8
"Neobuxbaumia scoparia",7
"Opuntia tehuantepecana",7
"Pachycereus grandis",7
"Mammillaria beneckei",6
"Mammillaria tonalensis",6
"Mammillaria uncinata",6
"Opuntia parviclada",5
"Echinocereus pulchellus",4
"Epiphyllum pumilum",4
"Opuntia stricta",4
"Selenicereus testudo",4
"Epiphyllum crenatum",3
"Neobuxbaumia laui",3
"Ortegocactus macdougallii",3
"Selenicereus vagans",3
"Coryphantha pycnacantha",2
"Cylindropuntia leptocaulis",2
"Mammillaria oteroi",2
"Mammillaria tepexicensis",2
"Mitrocereus militaris",2
"Peniocereus serpentinus",2
"Selenicereus anthonyanus",2
"Selenicereus chontalensis",2
"Aporocactus flagelliformis",1
"Cephalocereus parvispinus",1
"Opuntia chiangiana",1
"Peniocereus macdougallii",1
"Selenicereus alliodorus",1
