"Province","Genus","species_richness"
"Balsas Basin province","Mammillaria",18
"Balsas Basin province","Opuntia",18
"Balsas Basin province","Stenocereus",4
"Balsas Basin province","Coryphantha",3
"Balsas Basin province","Epiphyllum",3
"Balsas Basin province","Ferocactus",3
"Balsas Basin province","Pachycereus",3
"Balsas Basin province","Pilosocereus",3
"Balsas Basin province","Selenicereus",3
"Balsas Basin province","Aporocactus",2
"Balsas Basin province","Cephalocereus",2
"Balsas Basin province","Cylindropuntia",2
"Balsas Basin province","Disocactus",2
"Balsas Basin province","Myrtillocactus",2
"Balsas Basin province","Neobuxbaumia",2
"Balsas Basin province","Pereskiopsis",2
"Balsas Basin province","Polaskia",2
"Balsas Basin province","Acanthocereus",1
"Balsas Basin province","Echinocactus",1
"Balsas Basin province","Escontria",1
"Balsas Basin province","Lemaireocereus",1
"Balsas Basin province","Marginatocereus",1
"Balsas Basin province","Mitrocereus",1
"Balsas Basin province","Peniocereus",1
"Balsas Basin province","Pereskia",1
"Balsas Basin province","Stenocactus",1
"Chiapas Highlands province","Disocactus",1
"Pacific Lowlands province","Opuntia",13
"Pacific Lowlands province","Mammillaria",6
"Pacific Lowlands province","Peniocereus",5
"Pacific Lowlands province","Stenocereus",5
"Pacific Lowlands province","Pilosocereus",4
"Pacific Lowlands province","Epiphyllum",3
"Pacific Lowlands province","Pereskiopsis",3
"Pacific Lowlands province","Selenicereus",3
"Pacific Lowlands province","Cephalocereus",2
"Pacific Lowlands province","Coryphantha",2
"Pacific Lowlands province","Disocactus",2
"Pacific Lowlands province","Myrtillocactus",2
"Pacific Lowlands province","Neobuxbaumia",2
"Pacific Lowlands province","Pachycereus",2
"Pacific Lowlands province","Acanthocereus",1
"Pacific Lowlands province","Aporocactus",1
"Pacific Lowlands province","Escontria",1
"Pacific Lowlands province","Ferocactus",1
"Pacific Lowlands province","Marginatocereus",1
"Pacific Lowlands province","Melocactus",1
"Pacific Lowlands province","Ortegocactus",1
"Pacific Lowlands province","Pereskia",1
"Pacific Lowlands province","Rhipsalis",1
"Sierra Madre del Sur province","Mammillaria",24
"Sierra Madre del Sur province","Opuntia",17
"Sierra Madre del Sur province","Epiphyllum",6
"Sierra Madre del Sur province","Stenocereus",5
"Sierra Madre del Sur province","Cephalocereus",4
"Sierra Madre del Sur province","Coryphantha",4
"Sierra Madre del Sur province","Disocactus",4
"Sierra Madre del Sur province","Selenicereus",4
"Sierra Madre del Sur province","Ferocactus",3
"Sierra Madre del Sur province","Neobuxbaumia",3
"Sierra Madre del Sur province","Pachycereus",3
"Sierra Madre del Sur province","Pilosocereus",3
"Sierra Madre del Sur province","Myrtillocactus",2
"Sierra Madre del Sur province","Peniocereus",2
"Sierra Madre del Sur province","Pereskiopsis",2
"Sierra Madre del Sur province","Polaskia",2
"Sierra Madre del Sur province","Acanthocereus",1
"Sierra Madre del Sur province","Aporocactus",1
"Sierra Madre del Sur province","Echinocactus",1
"Sierra Madre del Sur province","Echinocereus",1
"Sierra Madre del Sur province","Escontria",1
"Sierra Madre del Sur province","Marginatocereus",1
"Sierra Madre del Sur province","Rhipsalis",1
"Sierra Madre del Sur province","Stenocactus",1
"Veracruzan province","Epiphyllum",4
"Veracruzan province","Mammillaria",2
"Veracruzan province","Opuntia",2
"Veracruzan province","Selenicereus",2
"Veracruzan province","Acanthocereus",1
"Veracruzan province","Disocactus",1
"Veracruzan province","Ferocactus",1
"Veracruzan province","Pereskia",1
"Veracruzan province","Pereskiopsis",1
"Veracruzan province","Rhipsalis",1
