"Genus","species_richness"
"Mammillaria",26
"Opuntia",18
"Epiphyllum",6
"Selenicereus",6
"Stenocereus",6
"Peniocereus",5
"Cephalocereus",4
"Coryphantha",4
"Disocactus",4
"Neobuxbaumia",4
"Pilosocereus",4
"Ferocactus",3
"Pachycereus",3
"Pereskiopsis",3
"Aporocactus",2
"Cylindropuntia",2
"Myrtillocactus",2
"Polaskia",2
"Acanthocereus",1
"Echinocactus",1
"Echinocereus",1
"Escontria",1
"Lemaireocereus",1
"Marginatocereus",1
"Melocactus",1
"Mitrocereus",1
"Ortegocactus",1
"Pereskia",1
"Rhipsalis",1
"Stenocactus",1
