"","x"
"1","Coryphantha pallida"
"2","Coryphantha retusa"
"3","Disocactus phyllanthoides"
"4","Ferocactus recurvus"
"5","Opuntia auberi"
"6","Mammillaria albilanata"
"7","Peniocereus fosterianus"
"8","Pilosocereus quadricentralis"
"9","Neobuxbaumia tetetzo"
"10","Neobuxbaumia laui "
"11","Rhipsalis baccifera"
"12","Pachycereus pecten-aboriginum"
"13","Pilosocereus chrysacanthus"
"14","Mammillaria haageana"
"15","Opuntia decumbens"
"16","Pereskia lychnidiflora"
"17","Opuntia velutina"
"18","Opuntia tomentosa"
"19","Mammillaria hernandezii"
"20","Echinocactus platyacanthus"
"21","Opuntia huajuapensis"
"22","Escontria chiotilla"
"23","Ferocactus macrodiscus"
"24","Mammillaria kraehenbuehlii"
"25","Mammillaria rekoi"
"26","Mammillaria karwinskiana"
"27","Melocactus curvispinus"
"28","Marginatocereus marginatus"
"29","Mammillaria carnea"
"30","Mammillaria dixanthocentron"
"31","Aporocactus martianus"
"32","Myrtillocactus schenckii"
"33","Pachycereus weberi"
"34","Stenocereus treleasei"
"35","Mammillaria voburnensis"
"36","Stenocereus stellatus"
"37","Opuntia lasiacantha"
"38","Opuntia pilifera"
"39","Acanthocereus tetragonus"
"40","Peniocereus oaxacensis"
"41","Epiphyllum hookeri"
"42","Pereskiopsis rotundifolia"
"43","Opuntia pubescens"
"44","Opuntia tehuacana"
"45","Opuntia parviclada"
"46","Opuntia tehuantepecana"
"47","Opuntia karwinskiana"
"48","Pereskiopsis kellermanii"
"49","Opuntia depressa"
"50","Peniocereus macdougallii"
"51","Pereskiopsis diguetii"
"52","Pilosocereus collinsii"
"53","Disocactus macranthus"
"54","Epiphyllum pumilum"
"55","Epiphyllum anguliger"
"56","Epiphyllum crenatum"
"57","Disocactus ackermannii"
"58","Cephalocereus fulviceps"
"59","Mammillaria beneckei"
"60","Disocactus speciosus"
"61","Stenocereus pruinosus"
"62","Mammillaria huitzilopochtli"
"63","Cephalocereus apicicephalium"
"64","Mammillaria deherdtiana"
"65","Mammillaria crucigera"
"66","Ortegocactus macdougallii"
"67","Polaskia chichipe"
"68","Mammillaria sphacelata"
"69","Mammillaria uncinata"
"70","Mammillaria flavicentra"
"71","Mammillaria mystax"
"72","Neobuxbaumia mezcalaensis"
"73","Echinocereus pulchellus"
"74","Stenocactus crispatus"
"75","Mammillaria tonalensis"
"76","Mammillaria polyedra"
"77","Mammillaria discolor"
"78","Myrtillocactus geometrizans"
"79","Coryphantha elephantidens"
"80","Mammillaria zephyranthoides"
"81","Selenicereus chontalensis"
"82","Opuntia dejecta"
"83","Selenicereus testudo"
"84","Stenocereus chacalapensis"
"85","Peniocereus occidentalis"
"86","Ferocactus flavovirens"
"87","Mitrocereus militaris"
"88","Mammillaria solisioides"
"89","Coryphantha pycnacantha"
"90","Polaskia chende"
"91","Pachycereus grandis"
"92","Cephalocereus columna-trajani"
"93","Mammillaria supertexta"
"94","Neobuxbaumia scoparia"
"95","Cylindropuntia leptocaulis"
"96","Opuntia hyptiacantha"
"97","Opuntia chiangiana"
"98","Opuntia nejapensis"
"99","Mammillaria tepexicensis"
"100","Epiphyllum phyllanthus"
"101","Epiphyllum oxypetalum"
"102","Mammillaria duoformis"
"103","Pilosocereus leucocephalus"
"104","Selenicereus alliodorus"
"105","Cephalocereus parvispinus"
"106","Opuntia streptacantha"
"107","Aporocactus flagelliformis"
"108","Cylindropuntia prolifera"
"109","Lemaireocereus hollianus"
"110","Peniocereus serpentinus"
"111","Mammillaria oteroi"
"112","Stenocereus eichlamii"
"113","Selenicereus anthonyanus"
"114","Selenicereus purpusii"
"115","Selenicereus vagans"
"116","Stenocereus dumortieri"
